,accuracy,f1,recall,precision
fixed (thresh=0.4),0.963855421686747,0.9690721649484536,0.94,1.0
per-bin (year-adaptive),0.9156626506024096,0.9247311827956989,0.86,1.0
